IdVenta,Fecha,IdCliente,TotalVenta
1,2026-08-22,CLE087,86.10
2,2026-05-31,CLE059,127.20
3,2026-08-20,CLE062,280.50
4,2026-04-20,CLN076,349.00
5,2026-04-18,CLN039,417.50
6,2026-05-11,CLN041,388.80
7,2026-03-30,CLN016,332.70
8,2026-01-31,CLN022,623.00
9,2026-02-27,CLN084,553.20
10,2026-07-21,CLE094,608.00
11,2026-07-05,CLN032,165.70
12,2026-08-04,CLE053,358.80
13,2026-03-26,CLN071,965.50
14,2026-06-24,CLN018,827.20
15,2026-04-25,CLN003,661.50
16,2026-06-11,CLE059,1171.00
17,2026-02-14,CLE015,495.80
18,2026-01-16,CLN027,1046.40
19,2026-05-22,CLN035,1101.20
20,2026-01-18,CLE035,1156.00
21,2026-03-12,CLN011,605.40
22,2026-06-07,CLN068,1265.60
23,2026-01-09,CLN037,660.20
24,2026-05-11,CLN004,1719.00
25,2026-03-04,CLE041,1787.50
26,2026-08-26,CLE035,371.20
27,2026-04-12,CLE069,384.90
28,2026-05-20,CLE065,1993.00
29,2026-01-12,CLE046,2061.50
30,2026-02-18,CLE056,2130.00
31,2026-01-25,CLN058,439.70
32,2026-02-21,CLE010,1813.60
33,2026-05-14,CLE036,2335.50
34,2026-03-06,CLE022,2404.00
35,2026-04-17,CLE093,494.50
36,2026-02-16,CLN070,508.20
37,2026-08-13,CLE034,521.90
38,2026-01-11,CLN044,15.60
39,2026-04-27,CLE053,58.60
40,2026-02-16,CLE036,43.00
41,2026-03-03,CLN081,56.70
42,2026-01-31,CLE042,281.60
43,2026-02-13,CLN069,336.40
44,2026-07-12,CLE032,293.40
45,2026-04-30,CLE012,223.00
46,2026-03-16,CLE005,375.60
47,2026-02-14,CLN098,277.80
48,2026-02-15,CLE023,610.40
49,2026-08-19,CLE043,332.60
50,2026-06-04,CLN088,540.00
51,2026-01-26,CLE073,387.40
52,2026-08-30,CLE041,622.20
53,2026-07-05,CLE081,884.40
54,2026-05-31,CLE053,234.80
55,2026-05-14,CLE050,1242.50
56,2026-02-11,CLN005,262.20
57,2026-06-10,CLN046,1103.60
58,2026-08-25,CLE052,1448.00
59,2026-01-26,CLN087,1213.20
60,2026-02-05,CLE093,1585.00
61,2026-03-14,CLE065,661.40
62,2026-04-16,CLN050,1033.20
63,2026-06-08,CLN039,1432.40
64,2026-03-10,CLN097,743.60
65,2026-03-29,CLN009,1927.50
66,2026-04-13,CLN016,1596.80
67,2026-05-15,CLN072,412.90
68,2026-06-02,CLE022,426.60
69,2026-02-02,CLN013,1761.20
70,2026-03-20,CLN026,1362.00
71,2026-06-27,CLE040,467.70
72,2026-05-21,CLE039,2407.00
73,2026-08-05,CLE039,2475.50
74,2026-03-17,CLN020,508.80
75,2026-05-28,CLE010,522.50
76,2026-05-13,CLN040,48.60
77,2026-06-29,CLE058,119.60
78,2026-06-25,CLN026,130.80
79,2026-08-13,CLE068,114.60
80,2026-04-15,CLN099,213.00
81,2026-04-21,CLE011,84.70
82,2026-05-17,CLE065,295.20
83,2026-05-01,CLE005,112.10
84,2026-07-20,CLE016,377.40
85,2026-06-19,CLE076,558.00
86,2026-03-04,CLN015,459.60
87,2026-07-07,CLN079,667.60
88,2026-02-24,CLN094,361.20
89,2026-01-21,CLN048,971.50
90,2026-03-17,CLN007,1040.00
91,2026-08-05,CLN011,221.70
92,2026-08-11,CLE034,1177.00
93,2026-02-07,CLN001,498.20
94,2026-05-15,CLN088,788.40
95,2026-02-10,CLN061,829.50
96,2026-06-29,CLE035,290.20
97,2026-02-10,CLN004,1215.60
98,2026-03-06,CLE100,317.60
99,2026-08-16,CLE081,993.90
100,2026-08-29,CLE016,690.00
